<Mapping>
  <EventInputs>
    <Event Name="REQ" Map="REQ_1">Position;Attention;TankRupture</Event>
    <Event Name="REQ2" Map="REQ_2">InletFast;InletSlow;Outlet</Event>
  </EventInputs>
  <EventOutputs />
  <Inputs>
    <Input Name="Position" Type="REAL" Map="SD_1" />
    <Input Name="Attention" Type="BOOL" Map="SD_2" />
    <Input Name="TankRupture" Type="BOOL" Map="SD_3" />
    <Input Name="InletFast" Type="BOOL" Map="SD_4" />
    <Input Name="InletSlow" Type="BOOL" Map="SD_5" />
    <Input Name="Outlet" Type="BOOL" Map="SD_6" />
  </Inputs>
  <Outputs />
</Mapping>